{
  "solde_moyen": {
    "min": -45401.16583333334,
    "max": 76194.40083333335
  },
  "solde_min": {
    "min": -3844.43,
    "max": 3927.6499999999996
  },
  "solde_max": {
    "min": -157935.315,
    "max": 271330.165
  },
  "depot_moyen": {
    "min": -91962.8048,
    "max": 155729.80000000002
  },
  "flux_cred_moyen": {
    "min": -24973.914230769227,
    "max": 43346.26730769231
  },
  "flux_cred_total": {
    "min": -374164.18,
    "max": 647535.8999999999
  },
  "montant_total_gab": {
    "min": -1812.3000000000002,
    "max": 3100.5
  },
  "montant_moyen_gab": {
    "min": -79.50340798442063,
    "max": 133.85589094449853
  },
  "montant_total_retraits": {
    "min": -94200.0,
    "max": 157000.0
  },
  "montant_total_payfac": {
    "min": -21524.66,
    "max": 40689.020000000004
  },
  "montant_total_vignette": {
    "min": -1550.0,
    "max": 4450.0
  }
}